what,kind,bundleId,bundleVersion,description,time
started,bundle,org.eclipse.oomph.setup.ui,1.8.0.v20170530-1735,"org.eclipse.oomph.setup.ui",1518442446469
started,bundle,org.eclipse.oomph.ui,1.8.0.v20170327-1117,"org.eclipse.oomph.ui",1518442446473
started,bundle,org.eclipse.oomph.util,1.8.0.v20170327-1117,"org.eclipse.oomph.util",1518442446473
started,bundle,org.eclipse.recommenders.news.impl,2.4.10.v20170911-1410,"org.eclipse.recommenders.news.impl",1518442446473
started,bundle,org.eclipse.team.core,3.8.100.v20170516-0820,"org.eclipse.team.core",1518442446477
started,bundle,org.eclipse.team.ui,3.8.1.v20170515-1133,"org.eclipse.team.ui",1518442446477
started,bundle,org.eclipse.ui,3.109.0.v20170411-1742,"org.eclipse.ui",1518442446481
started,bundle,org.eclipse.ui.console,3.7.1.v20170728-0806,"org.eclipse.ui.console",1518442446481
started,bundle,org.eclipse.ui.editors,3.11.0.v20170202-1823,"org.eclipse.ui.editors",1518442446481
started,bundle,org.eclipse.ui.ide,3.13.1.v20170822-1526,"org.eclipse.ui.ide",1518442446485
started,bundle,org.eclipse.ui.ide.application,1.2.0.v20170512-1452,"org.eclipse.ui.ide.application",1518442446485
started,bundle,org.eclipse.ui.monitoring,1.1.100.v20170131-1736,"org.eclipse.ui.monitoring",1518442446485
started,bundle,org.eclipse.ui.net,1.3.100.v20170516-0820,"org.eclipse.ui.net",1518442446489
started,bundle,org.eclipse.ui.themes,1.2.1.v20170809-1435,"org.eclipse.ui.themes",1518442446489
started,bundle,org.eclipse.ui.workbench,3.110.1.v20170704-1208,"org.eclipse.ui.workbench",1518442446489
started,bundle,org.eclipse.ui.workbench.texteditor,3.10.100.v20170426-2021,"org.eclipse.ui.workbench.texteditor",1518442446493
started,bundle,org.eclipse.update.configurator,3.3.400.v20160506-0750,"org.eclipse.update.configurator",1518442446669
started,bundle,org.eclipse.wst.sse.ui,1.3.600.v201707042340,"org.eclipse.wst.sse.ui",1518442446673
started,bundle,org.eclipse.ecf.provider.filetransfer.httpclient,4.0.0.v20110531-2218,"org.eclipse.ecf.provider.filetransfer.httpclient",1518442446673
started,bundle,org.eclipse.epp.usagedata.gathering,1.3.1.R201106061540,"org.eclipse.epp.usagedata.gathering",1518442446673
started,bundle,org.eclipse.epp.usagedata.recording,1.3.1.R201106061540,"org.eclipse.epp.usagedata.recording",1518442446677
started,bundle,org.eclipse.equinox.event,1.2.100.v20110502,"org.eclipse.equinox.event",1518442446677
started,bundle,org.eclipse.pde.launching,3.6.0.v20110506,"org.eclipse.pde.launching",1518442446677
started,bundle,org.eclipse.pde.ui,3.6.100.v20120103_r372,"org.eclipse.pde.ui",1518442446681
started,bundle,org.eclipse.team.cvs.core,3.3.400.I20110510-0800,"org.eclipse.team.cvs.core",1518442446681
started,bundle,org.eclipse.team.cvs.ui,3.3.401.v20120126-1227,"org.eclipse.team.cvs.ui",1518442446685
started,bundle,org.eclipse.ui.views.log,1.0.200.v20110404,"org.eclipse.ui.views.log",1518442446685
started,bundle,org.eclipse.update.core,3.2.500.v20110330,"org.eclipse.update.core",1518442446741
started,bundle,org.eclipse.update.scheduler,3.2.300.v20100512,"org.eclipse.update.scheduler",1518442446741
os,sysinfo,,,"win32",1518442446745
arch,sysinfo,,,"x86_64",1518442446745
ws,sysinfo,,,"win32",1518442446745
locale,sysinfo,,,"en_IE",1518442446745
processors,sysinfo,,,"4",1518442446745
java.runtime.name,sysinfo,,,"Java(TM) SE Runtime Environment",1518442446745
java.runtime.version,sysinfo,,,"1.8.0_65-b17",1518442446745
java.specification.name,sysinfo,,,"Java Platform API Specification",1518442446745
java.specification.vendor,sysinfo,,,"Oracle Corporation",1518442446745
java.specification.version,sysinfo,,,"1.8",1518442446745
java.vendor,sysinfo,,,"Oracle Corporation",1518442446745
java.version,sysinfo,,,"1.8.0_65",1518442446745
java.vm.info,sysinfo,,,"mixed mode",1518442446745
java.vm.name,sysinfo,,,"Java HotSpot(TM) 64-Bit Server VM",1518442446745
java.vm.specification.name,sysinfo,,,"Java Virtual Machine Specification",1518442446745
java.vm.specification.vendor,sysinfo,,,"Oracle Corporation",1518442446745
java.vm.specification.version,sysinfo,,,"1.8",1518442446745
java.vm.vendor,sysinfo,,,"Oracle Corporation",1518442446745
java.vm.version,sysinfo,,,"25.65-b01",1518442446745
started,bundle,org.eclipse.mylyn.commons.notifications.ui,1.15.0.v20170411-1844,"org.eclipse.mylyn.commons.notifications.ui",1518442446749
started,bundle,org.eclipse.userstorage.ui,1.0.2.v20170526-1605,"org.eclipse.userstorage.ui",1518442446917
started,bundle,org.eclipse.userstorage,1.1.0.v20170328-0205,"org.eclipse.userstorage",1518442446925
started,bundle,org.eclipse.emf.edit,2.12.0.v20170609-0928,"org.eclipse.emf.edit",1518442447101
started,bundle,org.eclipse.oomph.preferences,1.8.0.v20170318-0419,"org.eclipse.oomph.preferences",1518442447265
started,bundle,org.eclipse.equinox.p2.artifact.repository,1.1.600.v20170906-1259,"org.eclipse.equinox.p2.artifact.repository",1518442447501
started,bundle,org.eclipse.equinox.p2.transport.ecf,1.1.300.v20161004-0244,"org.eclipse.equinox.p2.transport.ecf",1518442447505
started,bundle,org.eclipse.equinox.p2.ui,2.5.1.v20170906-1259,"org.eclipse.equinox.p2.ui",1518442447541
started,bundle,org.eclipse.mylyn.team.ui,3.23.0.v20170411-2108,"org.eclipse.mylyn.team.ui",1518442461402
started,bundle,org.eclipse.mylyn.builds.ui,1.15.0.v20170411-2141,"org.eclipse.mylyn.builds.ui",1518442461402
started,bundle,org.eclipse.buildship.stsmigration,2.1.2.v20170807-1324,"org.eclipse.buildship.stsmigration",1518442461450
started,bundle,org.eclipse.epp.mpc.ui,1.1.1.I20110907-0947,"org.eclipse.epp.mpc.ui",1518442461590
started,bundle,org.eclipse.oomph.resources,1.8.0.v20170318-0419,"org.eclipse.oomph.resources",1518442461610
started,bundle,org.eclipse.oomph.predicates,1.8.0.v20170327-1117,"org.eclipse.oomph.predicates",1518442461642
started,bundle,org.eclipse.oomph.predicates.edit,1.8.0.v20170318-0419,"org.eclipse.oomph.predicates.edit",1518442461658
started,bundle,org.eclipse.oomph.workingsets,1.8.0.v20170318-0419,"org.eclipse.oomph.workingsets",1518442461734
started,bundle,org.eclipse.oomph.workingsets.editor,1.8.0.v20170327-1117,"org.eclipse.oomph.workingsets.editor",1518442461746
started,bundle,org.eclipse.oomph.setup.p2,1.8.0.v20170318-0419,"org.eclipse.oomph.setup.p2",1518442461878
deactivated,workbench,org.eclipse.ui.workbench,3.110.1.v20170704-1208,"",1518442462738
activated,workbench,org.eclipse.ui.workbench,3.110.1.v20170704-1208,"",1518442478397
error,log,,,"An internal error has occurred.",1518442478413
deactivated,workbench,org.eclipse.ui.workbench,3.110.1.v20170704-1208,"",1518442478465
activated,workbench,org.eclipse.ui.workbench,3.110.1.v20170704-1208,"",1518442481020
deactivated,workbench,org.eclipse.ui.workbench,3.110.1.v20170704-1208,"",1518443550462
activated,workbench,org.eclipse.ui.workbench,3.110.1.v20170704-1208,"",1518457153146
deactivated,workbench,org.eclipse.ui.workbench,3.110.1.v20170704-1208,"",1518457153365
activated,workbench,org.eclipse.ui.workbench,3.110.1.v20170704-1208,"",1518457155771
closed,view,org.eclipse.ui.console,3.7.1.v20170728-0806,"org.eclipse.ui.console.ConsoleView",1518457155912
closed,view,org.eclipse.ui.views,,"org.eclipse.ui.views.ContentOutline",1518457155959
closed,editor,org.eclipse.jdt.ui,3.13.1.v20170822-1011,"org.eclipse.jdt.ui.CompilationUnitEditor",1518457156021
closed,view,org.eclipse.jdt.ui,3.13.1.v20170822-1011,"org.eclipse.jdt.ui.PackageExplorer",1518457156068
closed,workbench,org.eclipse.ui.workbench,3.110.1.v20170704-1208,"",1518457156193
stopped,bundle,org.eclipse.m2e.logback.configuration,1.8.1.20170728-1531,"org.eclipse.m2e.logback.configuration",1518457157896
stopped,bundle,org.eclipse.buildship.ui,2.1.2.v20170807-1324,"org.eclipse.buildship.ui",1518457157896
stopped,bundle,org.eclipse.buildship.core,2.1.2.v20170807-1324,"org.eclipse.buildship.core",1518457157928
stopped,bundle,org.eclipse.recommenders.apidocs.rcp,2.4.10.v20170911-1410,"org.eclipse.recommenders.apidocs.rcp",1518457157928
stopped,bundle,org.eclipse.egit.mylyn.ui,4.8.0.201706111038-r,"org.eclipse.egit.mylyn.ui",1518457157975
stopped,bundle,org.eclipse.mylyn.git.ui,1.15.0.v20170411-2003,"org.eclipse.mylyn.git.ui",1518457158006
stopped,bundle,org.eclipse.egit.ui,4.8.0.201706111038-r,"org.eclipse.egit.ui",1518457158006
stopped,bundle,org.eclipse.mylyn.git.core,1.15.0.v20170411-2003,"org.eclipse.mylyn.git.core",1518457158053
stopped,bundle,org.eclipse.oomph.setup.editor,1.8.0.v20170327-1117,"org.eclipse.oomph.setup.editor",1518457158053
stopped,bundle,org.eclipse.oomph.resources.edit,1.8.0.v20170318-0419,"org.eclipse.oomph.resources.edit",1518457158084
stopped,bundle,org.eclipse.oomph.workingsets.editor,1.8.0.v20170327-1117,"org.eclipse.oomph.workingsets.editor",1518457158084
stopped,bundle,org.eclipse.oomph.workingsets.edit,1.8.0.v20170318-0419,"org.eclipse.oomph.workingsets.edit",1518457158115
stopped,bundle,org.eclipse.oomph.predicates.edit,1.8.0.v20170318-0419,"org.eclipse.oomph.predicates.edit",1518457158115
stopped,bundle,org.eclipse.oomph.resources,1.8.0.v20170318-0419,"org.eclipse.oomph.resources",1518457158115
stopped,bundle,org.eclipse.oomph.workingsets,1.8.0.v20170318-0419,"org.eclipse.oomph.workingsets",1518457158115
stopped,bundle,org.eclipse.oomph.predicates,1.8.0.v20170327-1117,"org.eclipse.oomph.predicates",1518457158115
stopped,bundle,org.eclipse.egit.core,4.8.0.201706111038-r,"org.eclipse.egit.core",1518457158115
stopped,bundle,org.eclipse.egit.doc,4.8.0.201706111038-r,"org.eclipse.egit.doc",1518457158475
stopped,bundle,org.eclipse.pde.ua.ui,1.0.100.v20110516,"org.eclipse.pde.ua.ui",1518457158521
stopped,bundle,org.eclipse.datatools.connectivity.oda.template.ui,3.2.3.v201201121156,"org.eclipse.datatools.connectivity.oda.template.ui",1518457158553
stopped,bundle,org.eclipse.pde.api.tools.ui,1.0.301.v20110803_r371,"org.eclipse.pde.api.tools.ui",1518457158553
stopped,bundle,org.eclipse.pde.ds.ui,1.0.100.v20111213-1754,"org.eclipse.pde.ds.ui",1518457158600
stopped,bundle,org.eclipse.pde.runtime,3.4.201.v20110928-1516,"org.eclipse.pde.runtime",1518457158600
stopped,bundle,org.eclipse.pde.ui.templates,3.4.400.v20110928-1516,"org.eclipse.pde.ui.templates",1518457158678
stopped,bundle,org.eclipse.pde.ui,3.6.100.v20120103_r372,"org.eclipse.pde.ui",1518457158678
stopped,bundle,org.eclipse.ui.cheatsheets,3.5.100.v20170515-0748,"org.eclipse.ui.cheatsheets",1518457158678
stopped,bundle,org.eclipse.help.ui,4.1.0.v20170311-0931,"org.eclipse.help.ui",1518457158678
activated,perspective,org.eclipse.jdt.ui,,"org.eclipse.jdt.ui.JavaPerspective",1518616532254
started,bundle,org.eclipse.osgi,3.12.1.v20170821-1548,"org.eclipse.osgi",1518616532270
started,bundle,org.eclipse.equinox.simpleconfigurator,1.2.0.v20170110-1705,"org.eclipse.equinox.simpleconfigurator",1518616532270
started,bundle,com.ibm.icu,58.2.0.v20170418-1837,"com.ibm.icu",1518616532270
started,bundle,org.apache.felix.gogo.command,0.10.0.v201209301215,"org.apache.felix.gogo.command",1518616532270
started,bundle,org.apache.felix.gogo.runtime,0.10.0.v201209301036,"org.apache.felix.gogo.runtime",1518616532270
started,bundle,org.apache.felix.gogo.shell,0.10.0.v201212101605,"org.apache.felix.gogo.shell",1518616532270
started,bundle,org.apache.felix.scr,2.0.10.v20170501-2007,"org.apache.felix.scr",1518616532270
started,bundle,org.eclipse.buildship.core,2.1.2.v20170807-1324,"org.eclipse.buildship.core",1518616532286
started,bundle,org.eclipse.buildship.ui,2.1.2.v20170807-1324,"org.eclipse.buildship.ui",1518616532286
started,bundle,org.eclipse.compare,3.7.101.v20170724-1603,"org.eclipse.compare",1518616532286
started,bundle,org.eclipse.compare.core,3.6.100.v20170516-0820,"org.eclipse.compare.core",1518616532286
started,bundle,org.eclipse.core.contenttype,3.6.0.v20170207-1037,"org.eclipse.core.contenttype",1518616532286
started,bundle,org.eclipse.core.expressions,3.6.0.v20170207-1037,"org.eclipse.core.expressions",1518616532286
started,bundle,org.eclipse.core.filebuffers,3.6.100.v20170203-1130,"org.eclipse.core.filebuffers",1518616532286
started,bundle,org.eclipse.core.filesystem,1.7.0.v20170406-1337,"org.eclipse.core.filesystem",1518616532286
started,bundle,org.eclipse.core.jobs,3.9.1.v20170714-0547,"org.eclipse.core.jobs",1518616532286
started,bundle,org.eclipse.core.net,1.3.100.v20170516-0820,"org.eclipse.core.net",1518616532286
started,bundle,org.eclipse.core.resources,3.12.0.v20170417-1558,"org.eclipse.core.resources",1518616532286
started,bundle,org.eclipse.core.runtime,3.13.0.v20170207-1030,"org.eclipse.core.runtime",1518616532301
started,bundle,org.eclipse.core.variables,3.4.0.v20170113-2056,"org.eclipse.core.variables",1518616532301
started,bundle,org.eclipse.debug.core,3.11.0.v20170605-1534,"org.eclipse.debug.core",1518616532301
started,bundle,org.eclipse.e4.core.contexts,1.6.0.v20170322-1144,"org.eclipse.e4.core.contexts",1518616532301
started,bundle,org.eclipse.e4.core.di,1.6.100.v20170421-1418,"org.eclipse.e4.core.di",1518616532301
started,bundle,org.eclipse.e4.core.di.extensions,0.15.0.v20170228-1728,"org.eclipse.e4.core.di.extensions",1518616532301
started,bundle,org.eclipse.e4.core.di.extensions.supplier,0.15.0.v20170407-0928,"org.eclipse.e4.core.di.extensions.supplier",1518616532301
started,bundle,org.eclipse.e4.core.services,2.1.0.v20170407-0928,"org.eclipse.e4.core.services",1518616532301
started,bundle,org.eclipse.e4.ui.bindings,0.12.1.v20170823-1632,"org.eclipse.e4.ui.bindings",1518616532301
started,bundle,org.eclipse.e4.ui.css.swt,0.13.1.v20170808-1940,"org.eclipse.e4.ui.css.swt",1518616532301
started,bundle,org.eclipse.e4.ui.css.swt.theme,0.11.0.v20170312-2302,"org.eclipse.e4.ui.css.swt.theme",1518616532301
started,bundle,org.eclipse.e4.ui.di,1.2.100.v20170414-1137,"org.eclipse.e4.ui.di",1518616532301
started,bundle,org.eclipse.e4.ui.model.workbench,2.0.1.v20170713-1800,"org.eclipse.e4.ui.model.workbench",1518616532301
started,bundle,org.eclipse.e4.ui.services,1.3.0.v20170307-2032,"org.eclipse.e4.ui.services",1518616532317
started,bundle,org.eclipse.e4.ui.workbench,1.5.1.v20170815-1446,"org.eclipse.e4.ui.workbench",1518616532317
started,bundle,org.eclipse.e4.ui.workbench.addons.swt,1.3.1.v20170319-1442,"org.eclipse.e4.ui.workbench.addons.swt",1518616532317
started,bundle,org.eclipse.e4.ui.workbench.renderers.swt,0.14.101.v20170713-1343,"org.eclipse.e4.ui.workbench.renderers.swt",1518616532317
started,bundle,org.eclipse.e4.ui.workbench.swt,0.14.101.v20170710-1119,"org.eclipse.e4.ui.workbench.swt",1518616532317
started,bundle,org.eclipse.ecf,3.8.0.v20170104-0657,"org.eclipse.ecf",1518616532317
started,bundle,org.eclipse.ecf.filetransfer,5.0.0.v20160817-1024,"org.eclipse.ecf.filetransfer",1518616532317
started,bundle,org.eclipse.ecf.identity,3.8.0.v20161203-2153,"org.eclipse.ecf.identity",1518616532317
started,bundle,org.eclipse.ecf.provider.filetransfer,3.2.300.v20161203-1840,"org.eclipse.ecf.provider.filetransfer",1518616532317
started,bundle,org.eclipse.ecf.provider.filetransfer.httpclient4,1.1.200.v20170314-0133,"org.eclipse.ecf.provider.filetransfer.httpclient4",1518616532317
started,bundle,org.eclipse.egit.core,4.8.0.201706111038-r,"org.eclipse.egit.core",1518616532333
started,bundle,org.eclipse.egit.ui,4.8.0.201706111038-r,"org.eclipse.egit.ui",1518616532333
started,bundle,org.eclipse.emf.common,2.13.0.v20170609-0707,"org.eclipse.emf.common",1518616532333
started,bundle,org.eclipse.emf.common.ui,2.12.0.v20170609-0928,"org.eclipse.emf.common.ui",1518616532333
started,bundle,org.eclipse.emf.ecore,2.13.0.v20170609-0707,"org.eclipse.emf.ecore",1518616532333
started,bundle,org.eclipse.emf.ecore.xmi,2.13.0.v20170609-0707,"org.eclipse.emf.ecore.xmi",1518616532333
started,bundle,org.eclipse.emf.edit,2.12.0.v20170609-0928,"org.eclipse.emf.edit",1518616532333
started,bundle,org.eclipse.epp.logging.aeri.core,2.0.6.v20170906-1226,"org.eclipse.epp.logging.aeri.core",1518616532333
started,bundle,org.eclipse.equinox.app,1.3.400.v20150715-1528,"org.eclipse.equinox.app",1518616532333
started,bundle,org.eclipse.equinox.common,3.9.0.v20170207-1454,"org.eclipse.equinox.common",1518616532333
started,bundle,org.eclipse.equinox.console,1.1.300.v20170512-2111,"org.eclipse.equinox.console",1518616532333
started,bundle,org.eclipse.equinox.ds,1.5.0.v20170307-1429,"org.eclipse.equinox.ds",1518616532333
started,bundle,org.eclipse.equinox.event,1.4.0.v20170105-1446,"org.eclipse.equinox.event",1518616532333
started,bundle,org.eclipse.equinox.p2.artifact.repository,1.1.600.v20170906-1259,"org.eclipse.equinox.p2.artifact.repository",1518616532333
started,bundle,org.eclipse.equinox.p2.core,2.4.101.v20170906-1259,"org.eclipse.equinox.p2.core",1518616532333
started,bundle,org.eclipse.equinox.p2.directorywatcher,1.1.100.v20150423-1455,"org.eclipse.equinox.p2.directorywatcher",1518616532333
started,bundle,org.eclipse.equinox.p2.engine,2.5.0.v20170319-2002,"org.eclipse.equinox.p2.engine",1518616532348
started,bundle,org.eclipse.equinox.p2.metadata,2.3.200.v20170511-1106,"org.eclipse.equinox.p2.metadata",1518616532348
started,bundle,org.eclipse.equinox.p2.metadata.repository,1.2.401.v20170906-1259,"org.eclipse.equinox.p2.metadata.repository",1518616532348
started,bundle,org.eclipse.equinox.p2.operations,2.4.300.v20170511-1106,"org.eclipse.equinox.p2.operations",1518616532348
started,bundle,org.eclipse.equinox.p2.reconciler.dropins,1.1.400.v20160504-1450,"org.eclipse.equinox.p2.reconciler.dropins",1518616532348
started,bundle,org.eclipse.equinox.p2.repository,2.3.301.v20170906-1259,"org.eclipse.equinox.p2.repository",1518616532348
started,bundle,org.eclipse.equinox.p2.transport.ecf,1.1.300.v20161004-0244,"org.eclipse.equinox.p2.transport.ecf",1518616532348
started,bundle,org.eclipse.equinox.p2.ui,2.5.1.v20170906-1259,"org.eclipse.equinox.p2.ui",1518616532348
started,bundle,org.eclipse.equinox.p2.ui.sdk.scheduler,1.3.100.v20170418-0708,"org.eclipse.equinox.p2.ui.sdk.scheduler",1518616532348
started,bundle,org.eclipse.equinox.p2.updatechecker,1.1.400.v20170106-2125,"org.eclipse.equinox.p2.updatechecker",1518616532348
started,bundle,org.eclipse.equinox.preferences,3.7.0.v20170126-2132,"org.eclipse.equinox.preferences",1518616532348
started,bundle,org.eclipse.equinox.registry,3.7.0.v20170222-1344,"org.eclipse.equinox.registry",1518616532348
started,bundle,org.eclipse.equinox.security,1.2.300.v20170505-1235,"org.eclipse.equinox.security",1518616532411
started,bundle,org.eclipse.help,3.8.1.v20170815-1448,"org.eclipse.help",1518616532411
started,bundle,org.eclipse.jdt.apt.core,3.5.0.v20170411-0710,"org.eclipse.jdt.apt.core",1518616532411
started,bundle,org.eclipse.jdt.apt.pluggable.core,1.2.0.v20170322-1054,"org.eclipse.jdt.apt.pluggable.core",1518616532411
started,bundle,org.eclipse.jdt.core,3.13.0.v20170516-1929,"org.eclipse.jdt.core",1518616532426
started,bundle,org.eclipse.jdt.core.manipulation,1.9.0.v20161219-2145,"org.eclipse.jdt.core.manipulation",1518616532426
started,bundle,org.eclipse.jdt.launching,3.9.0.v20170419-1235,"org.eclipse.jdt.launching",1518616532426
started,bundle,org.eclipse.jdt.ui,3.13.1.v20170822-1011,"org.eclipse.jdt.ui",1518616532426
started,bundle,org.eclipse.jgit,4.8.0.201706111038-r,"org.eclipse.jgit",1518616532426
started,bundle,org.eclipse.jsch.core,1.3.0.v20160422-1917,"org.eclipse.jsch.core",1518616532426
started,bundle,org.eclipse.ltk.core.refactoring,3.8.0.v20170105-1156,"org.eclipse.ltk.core.refactoring",1518616532426
started,bundle,org.eclipse.ltk.ui.refactoring,3.9.0.v20170412-0825,"org.eclipse.ltk.ui.refactoring",1518616532426
started,bundle,org.eclipse.m2e.logback.configuration,1.8.1.20170728-1531,"org.eclipse.m2e.logback.configuration",1518616532426
started,bundle,org.eclipse.mylyn.bugzilla.core,3.23.1.v20170623-0008,"org.eclipse.mylyn.bugzilla.core",1518616532426
started,bundle,org.eclipse.mylyn.bugzilla.ui,3.23.1.v20170623-0008,"org.eclipse.mylyn.bugzilla.ui",1518616532426
started,bundle,org.eclipse.mylyn.commons.core,3.23.0.v20170411-1844,"org.eclipse.mylyn.commons.core",1518616532426
started,bundle,org.eclipse.mylyn.commons.net,3.23.0.v20170411-1844,"org.eclipse.mylyn.commons.net",1518616532426
started,bundle,org.eclipse.mylyn.commons.notifications.core,1.15.0.v20170411-1844,"org.eclipse.mylyn.commons.notifications.core",1518616532442
started,bundle,org.eclipse.mylyn.commons.notifications.feed,1.15.0.v20170411-1844,"org.eclipse.mylyn.commons.notifications.feed",1518616532442
started,bundle,org.eclipse.mylyn.commons.notifications.ui,1.15.0.v20170411-1844,"org.eclipse.mylyn.commons.notifications.ui",1518616532442
started,bundle,org.eclipse.mylyn.commons.repositories.ui,1.15.0.v20170411-1844,"org.eclipse.mylyn.commons.repositories.ui",1518616532442
started,bundle,org.eclipse.mylyn.commons.ui,3.23.0.v20170411-1844,"org.eclipse.mylyn.commons.ui",1518616532442
started,bundle,org.eclipse.mylyn.commons.workbench,3.23.0.v20170503-0014,"org.eclipse.mylyn.commons.workbench",1518616532442
started,bundle,org.eclipse.mylyn.context.core,3.23.0.v20170411-2108,"org.eclipse.mylyn.context.core",1518616532442
started,bundle,org.eclipse.mylyn.context.tasks.ui,3.23.0.v20170411-2108,"org.eclipse.mylyn.context.tasks.ui",1518616532442
started,bundle,org.eclipse.mylyn.monitor.ui,3.23.0.v20170411-1844,"org.eclipse.mylyn.monitor.ui",1518616532442
started,bundle,org.eclipse.mylyn.tasks.ui,3.23.1.v20170623-0008,"org.eclipse.mylyn.tasks.ui",1518616532442
started,bundle,org.eclipse.oomph.base,1.8.0.v20170318-0624,"org.eclipse.oomph.base",1518616532442
started,bundle,org.eclipse.oomph.base.edit,1.8.0.v20170318-0624,"org.eclipse.oomph.base.edit",1518616532442
started,bundle,org.eclipse.oomph.jreinfo.ui,1.8.0.v20170327-1117,"org.eclipse.oomph.jreinfo.ui",1518616532442
started,bundle,org.eclipse.oomph.p2,1.8.0.v20170318-0419,"org.eclipse.oomph.p2",1518616532442
started,bundle,org.eclipse.oomph.p2.core,1.8.0.v20170410-0909,"org.eclipse.oomph.p2.core",1518616532442
started,bundle,org.eclipse.oomph.p2.edit,1.8.0.v20170318-0419,"org.eclipse.oomph.p2.edit",1518616532442
started,bundle,org.eclipse.oomph.p2.ui,1.8.0.v20170327-1117,"org.eclipse.oomph.p2.ui",1518616532442
started,bundle,org.eclipse.oomph.preferences,1.8.0.v20170318-0419,"org.eclipse.oomph.preferences",1518616532442
started,bundle,org.eclipse.oomph.setup,1.8.0.v20170408-0745,"org.eclipse.oomph.setup",1518616532458
started,bundle,org.eclipse.oomph.setup.core,1.8.0.v20170531-0903,"org.eclipse.oomph.setup.core",1518616532458
started,bundle,org.eclipse.oomph.setup.edit,1.8.0.v20170318-0419,"org.eclipse.oomph.setup.edit",1518616532458
started,bundle,org.eclipse.oomph.setup.p2.edit,1.8.0.v20170318-0419,"org.eclipse.oomph.setup.p2.edit",1518616532458
started,bundle,org.eclipse.oomph.setup.sync,1.8.0.v20170530-1735,"org.eclipse.oomph.setup.sync",1518616532458
started,bundle,org.eclipse.oomph.setup.ui,1.8.0.v20170530-1735,"org.eclipse.oomph.setup.ui",1518616532458
started,bundle,org.eclipse.oomph.ui,1.8.0.v20170327-1117,"org.eclipse.oomph.ui",1518616532458
started,bundle,org.eclipse.oomph.util,1.8.0.v20170327-1117,"org.eclipse.oomph.util",1518616532458
started,bundle,org.eclipse.recommenders.news.impl,2.4.10.v20170911-1410,"org.eclipse.recommenders.news.impl",1518616532458
started,bundle,org.eclipse.team.core,3.8.100.v20170516-0820,"org.eclipse.team.core",1518616532458
started,bundle,org.eclipse.team.ui,3.8.1.v20170515-1133,"org.eclipse.team.ui",1518616532458
started,bundle,org.eclipse.ui,3.109.0.v20170411-1742,"org.eclipse.ui",1518616532458
started,bundle,org.eclipse.ui.console,3.7.1.v20170728-0806,"org.eclipse.ui.console",1518616532458
started,bundle,org.eclipse.ui.editors,3.11.0.v20170202-1823,"org.eclipse.ui.editors",1518616532458
started,bundle,org.eclipse.ui.ide,3.13.1.v20170822-1526,"org.eclipse.ui.ide",1518616532458
started,bundle,org.eclipse.ui.ide.application,1.2.0.v20170512-1452,"org.eclipse.ui.ide.application",1518616532458
started,bundle,org.eclipse.ui.monitoring,1.1.100.v20170131-1736,"org.eclipse.ui.monitoring",1518616532473
started,bundle,org.eclipse.ui.net,1.3.100.v20170516-0820,"org.eclipse.ui.net",1518616532473
started,bundle,org.eclipse.ui.themes,1.2.1.v20170809-1435,"org.eclipse.ui.themes",1518616532473
started,bundle,org.eclipse.ui.workbench,3.110.1.v20170704-1208,"org.eclipse.ui.workbench",1518616532473
started,bundle,org.eclipse.ui.workbench.texteditor,3.10.100.v20170426-2021,"org.eclipse.ui.workbench.texteditor",1518616532473
started,bundle,org.eclipse.update.configurator,3.3.400.v20160506-0750,"org.eclipse.update.configurator",1518616532473
started,bundle,org.eclipse.userstorage,1.1.0.v20170328-0205,"org.eclipse.userstorage",1518616532473
started,bundle,org.eclipse.userstorage.oauth,1.0.0.v20170526-1605,"org.eclipse.userstorage.oauth",1518616532473
started,bundle,org.eclipse.userstorage.ui,1.0.2.v20170526-1605,"org.eclipse.userstorage.ui",1518616532473
started,bundle,org.eclipse.wst.sse.ui,1.3.600.v201707042340,"org.eclipse.wst.sse.ui",1518616532473
started,bundle,org.eclipse.ecf.provider.filetransfer.httpclient,4.0.0.v20110531-2218,"org.eclipse.ecf.provider.filetransfer.httpclient",1518616532473
started,bundle,org.eclipse.epp.usagedata.gathering,1.3.1.R201106061540,"org.eclipse.epp.usagedata.gathering",1518616532473
started,bundle,org.eclipse.epp.usagedata.recording,1.3.1.R201106061540,"org.eclipse.epp.usagedata.recording",1518616532473
started,bundle,org.eclipse.equinox.event,1.2.100.v20110502,"org.eclipse.equinox.event",1518616532473
started,bundle,org.eclipse.pde.launching,3.6.0.v20110506,"org.eclipse.pde.launching",1518616532473
started,bundle,org.eclipse.pde.ui,3.6.100.v20120103_r372,"org.eclipse.pde.ui",1518616532489
started,bundle,org.eclipse.team.cvs.core,3.3.400.I20110510-0800,"org.eclipse.team.cvs.core",1518616532489
started,bundle,org.eclipse.team.cvs.ui,3.3.401.v20120126-1227,"org.eclipse.team.cvs.ui",1518616532489
started,bundle,org.eclipse.ui.views.log,1.0.200.v20110404,"org.eclipse.ui.views.log",1518616532489
started,bundle,org.eclipse.update.core,3.2.500.v20110330,"org.eclipse.update.core",1518616532536
started,bundle,org.eclipse.update.scheduler,3.2.300.v20100512,"org.eclipse.update.scheduler",1518616532536
os,sysinfo,,,"win32",1518616532536
arch,sysinfo,,,"x86_64",1518616532536
ws,sysinfo,,,"win32",1518616532536
locale,sysinfo,,,"en_IE",1518616532536
processors,sysinfo,,,"4",1518616532536
java.runtime.name,sysinfo,,,"Java(TM) SE Runtime Environment",1518616532536
java.runtime.version,sysinfo,,,"1.8.0_65-b17",1518616532536
java.specification.name,sysinfo,,,"Java Platform API Specification",1518616532536
